--17.02.2026
--tund nr 1

-- teeme andmebaasi e db
create database IKT25tar

--andmebaasi valimine
use IKT25tar

--andmebaasi kustutamine koodiga
--otsida kood ¸lesse
drop database IKT25tar

--teeme uuesti andmebaasi IKT25tar
create database IKT25tar

--teeme tabeli
create table Gender
(
--Meil on muutuja Id,
--mis on t‰isarv andmet¸¸p,
--kui sisestad andmed, 
--siis see veerg peab olema t‰idetud,
--tegemist on primaarvıtmega
Id int not null primary key,
--veeru nimi on Gender,
--10 t‰hem‰rki on max pikkus,
--andmed peavad olema sisestatud e 
--ei tohi olla t¸hi
Gender nvarchar(10) not null
)

--andmete sisestamine Gender tabelisse
--proovige ise teha
-- Id = 1, Gender = Male
-- Id = 2, Gender = Female
insert into Gender (Id, Gender)
values (1, 'Male'),
(2, 'Female')

--vaatame tabeli sisu
-- * t‰hendab, et n‰ita kıike seal sees olevat infot
select * from Gender

--teeme tabeli nimega Person
--veeru nimed: Id int not null primary key,
-- Name nvarchar (30)
-- Email nvarchar (30)
--GenderId int
create table Person
(
Id int not null primary key,
Name nvarchar(30),
Email nvarchar(30),
GenderId int
)

--18.02.2026
--tund nr 2

insert into Person (Id, Name, Email, GenderId)
values (1, 'Superman', 's@s.com', 2),
(2, 'Wonderwoman', 'w@w.com', 1),
(3, 'Batman', 'b@b.com', 2),
(4, 'Aquaman', 'a@a.com', 2),
(5, 'Catwoman', 'c@c.com', 1),
(6, 'Antman', 'ant"ant.com', 2),
(8, NULL, NULL, 2)

--n‰en tabelis olevat infot
select * from Person

--vıırvıtme ¸henduse loomine kahe tabeli vahel
alter table Person add constraint tblPerson_GenderId_FK
foreign key (GenderId) references Gender(Id)

-- kui sisestad uue rea andmeid ja ei ole sisestanud GenderId alla 
-- v‰‰rtust, siis automaatselt sisestab sellele reale v‰‰rtuse 3
-- e unknown
alter table Person
add constraint DF_Persons_GenderId
default 3 for GenderId

insert into Gender (Id, Gender)
values (3, 'Unknown')

insert into Person (Id, Name, Email, GenderId)
values (7, 'Black Panther', 'b@b.com', NULL)

insert into Person (Id, Name, Email)
values (9, 'Spiderman', 'spider@man.com')

select * from Person

--piirnagu kustutamine
alter table Person
drop constraint DF_Persons_GenderId

--kuidas lisada veergu tabelile Person
--veeru nimi on Age nvarchar(10)
alter table Person
add Age nvarchar(10)

alter table Person
add constraint CK_Person_Age check (Age > 0 and Age < 155)

-- kuidas uuendada andemeid
update Person
set Age = 159
where Id = 7

select * from Person

--soovin kustutada ¸he rea
-- kuidas seda teha????
delete from Person where Id = 8

select * from Person

--lisame uue veeru City nvarchar(50)
alter table Person
add City nvarchar(50)

--kıik, kes elavad Gothami linnas
select * from Person where City = 'Gotham'
-- k]ik, kes ei ela Gothamis
select * from Person where City != 'Gotham'
-- variant nr 2. K]ik, kes ei ela Gothamis
select * from Person where City <> 'Gotham'

--n‰itab teatud vanusega inimesi
-- valime 151, 35, 26
select * from Person where Age in (151, 35, 26)
select * from Person where Age = 151 or Age = 35 or Age = 26

-- soovin n‰ha inimesi vahemikus 22 kuni 41
select * from Person where Age between 22 and 41

--wildcard e n‰itab kıik g-t‰hega linnad
select * from Person where City like 'g%'
--otsib emailid @-m‰rgiga
select * from Person where Email like '%@%'

--tahan n‰ha, kellel on emailis ees ja peale @-m‰rki ¸ks t‰ht
select * from Person where Email like '_@_.com'

--kıik, kelle nimes ei ole esimene t‰ht W, A, S
select * from Person where Name like '[^WAS]%'

--k]ik, kes elavad Gothamis ja New Yorkis
select * from Person where (City = 'Gotham' or City = 'New York')

-- k]ik, kes elavad Gothamis ja New Yorkis ning peavad olema 
-- vanemad, kui 29
select * from Person where (City = 'Gotham' or City = 'New York')
and Age >= 30

--kuvab t‰hestikulises j‰rjekorras inimesi ja vıtab aluseks 
-- Name veeru
select * from Person
select * from Person order by Name

--vıtab kolm esimest rida Person tabelist
select top 3 * from Person

--tund 3
--25.02.2026
--kolm esimest, aga tabeli j‰rjestus on Age ja siis Name
select top 3 Age, Name from Person

--n‰ita esimesed 50% tabelist
select top 50 percent * from Person
select * from Person

--j‰rjestab vanuse j‰rgi isikud
select * from Person order by Age desc

--muudab Age muutuja int-ks ja n‰itab vanuselises j‰rjestuses
-- cast abil saab andmet¸¸pi muuta
select * from Person order by cast(Age as int) desc

-- kıikide isikute koondvanus e liidab kıik kokku
select sum(cast(Age as int)) from Person

--kıige noorem isik tuleb ¸les leida
select min(cast(Age as int)) from Person

--kıige vanem isik
select max(cast(Age as int)) from Person

--muudame Age muutuja int peale
-- n‰eme konkreetsetes linnades olevate isikute koondvanust
select City, sum(Age) as TotalAge from Person group by City

--kuidas saab koodiga muuta andmet¸¸pi ja selle pikkust
alter table Person 
alter column Name nvarchar(25)

-- kuvab esimeses reas v‰lja toodud j‰rjestuses ja kuvab Age-i 
-- TotalAge-ks
--j‰rjestab City-s olevate nimede j‰rgi ja siis Genderid j‰rgi
--kasutada group by-d ja order by-d
select City, GenderId, sum(Age) as TotalAge from Person
group by City, GenderId
order by City

--n‰itab, et mitu rida andmeid on selles tabelis
select count(*) from Person

--n‰itab tulemust, et mitu inimest on Genderid v‰‰rtusega 2
--konkreetses linnas
--arvutab vanuse kokku selles linnas
select GenderId, City, sum(Age) as TotalAge, count(Id) as 
[Total Person(s)] from Person
where GenderId = '1'
group by GenderId, City

--n‰itab ‰ra inimeste koondvanuse, mis on ¸le 41 a ja
--kui palju neid igas linnas elab
--eristab inimese soo ‰ra
select GenderId, City, sum(Age) as TotalAge, count(Id) as 
[Total Person(s)] from Person
where GenderId = '2'
group by GenderId, City having sum(Age) > 41

--loome tabelid Employees ja Department
create table Department
(
Id int primary key,
DepartmentName nvarchar(50),
Location nvarchar(50),
DepartmentHead nvarchar(50)
)

create table Employees
(
Id int primary key,
Name nvarchar(50),
Gender nvarchar(50),
Salary nvarchar(50),
DepartmentId int
)

insert into Employees (Id, Name, Gender, Salary, DepartmentId)
values (1, 'Tom', 'Male', 4000, 1),
(2, 'Pam', 'Female', 3000, 3),
(3, 'John', 'Male', 3500, 1),
(4, 'Sam', 'Male', 4500, 2),
(5, 'Todd', 'Male', 2800, 2),
(6, 'Ben', 'Male', 7000, 1),
(7, 'Sara', 'Female', 4800, 3),
(8, 'Valarie', 'Female', 5500, 1),
(9, 'James', 'Male', 6500, NULL),
(10, 'Russell', 'Male', 8800, NULL)

insert into Department(Id, DepartmentName, Location, DepartmentHead)
values 
(1, 'IT', 'London', 'Rick'),
(2, 'Payroll', 'Delhi', 'Ron'),
(3, 'HR', 'New York', 'Christie'),
(4, 'Other Department', 'Sydney', 'Cindrella')

select * from Department
select * from Employees

---
select Name, Gender, Salary, DepartmentName
from Employees
left join Department
on Employees.DepartmentId = Department.Id
---

--arvutab k]ikide palgad kokku Employees tabelist
select sum(cast(Salary as int)) from Employees --arvutab kıikide palgad kokku
-- kıige v‰iksema palga saaja
select min(cast(Salary as int)) from Employees

--n‰itab veerge Location ja Palka. Palga veerg kuvatakse TotalSalary-ks
--teha left join Department tabeliga
--grupitab Locationiga
select Location, sum(cast(Salary as int)) as TotalSalary
from Employees
left join Department
on Employees.DepartmentId = Department.Id
group by Location


-- 4 tund
-- 03.03.26

select * from Employees
select sum(cast(Salary as int)) from Employees  --arvutab kıikide palgad kokku

-- lisame veeru City ja pikkus on 30
-- Employees tabelisse lisada
alter table Employees
add City nvarchar(30)

select City, Gender, sum(cast(Salary as int)) as TotalSalary 
from Employees
group by City, Gender

--peaaegu sama p‰ring, aga linnad on t‰hestikulises j‰rjestuses
select City, Gender, sum(cast(Salary as int)) as TotalSalary 
from Employees 
group by City, Gender 
order by City

select * from Employees
--on vaja teada, et mitu inimest on nimekirjas selles tabelis
select count (*) from Employees

--mitu tˆˆtajat on soo ja linna kaupa tˆˆtamas
select City, Gender, sum(cast(Salary as int)) as TotalSalary,
count (Id) as [Total Employee(s)]
from Employees 
group by Gender, City 

--kuvab kas naised vıi mehed linnade kaupa
--kasutage where
select City, Gender, sum(cast(Salary as int)) as TotalSalary,
count (Id) as [Total Employee(s)]
from Employees 
where Gender = 'Female'
group by Gender, City 

--sama tulemuse nagu eelmine kord, aga kasutage: having
select City, Gender, sum(cast(Salary as int)) as TotalSalary,
count (Id) as [Total Employee(s)]
from Employees 
group by Gender, City 
having Gender = 'Female'

--kıik, kes teenivad rohkem, kui 4000
select * from Employees where sum(cast(Salary as int)) > 4000

--teeme variandi, kus saame tulemuse
select Gender, City, sum(cast(Salary as int)) as TotalSalary,
count (Id) as [Total Employee(s)]
from Employees 
group by Gender, City 
having sum(cast(Salary as int)) > 4000

--loome tabeli, milles hakatakse automaatselt nummerdama Id-d
create table Test1
(
Id int identity(1,1),
Value nvarchar(20)
)

insert into Test1 values('X')
select * from Test1


--5 tund
--04.03.26

--kustutame veeru nimega City Employee tabelist
alter table Employees
drop column City


--inner join 
--kuvab neid, kellel on DepartmentName all olemas v‰‰rtus
--mitte kattuvad read eemaldatakse tulemusest
-- ja sellep‰rast ei n‰idata Jamesi ja Russelit tabelis
--kuna neil on DepartmentId NULL
select Name, Gender, Salary, DepartmentName
from Employees
inner join Department
on Employees.DepartmentId = Department.Id

-- left join
select Name, Gender, Salary, DepartmentName
from Employees
left join Department  --vıib kasutada ka LEFT OUTER JOIN-i
on Employees.DepartmentId = Department.Id
--uurige, mis on left join
--n‰itab andmeid, kus vasakpoolsest tabelist isegi, siis kui seal puudub
--vıırvıtme reas v‰‰rtus

--right join
select Name, Gender, Salary, DepartmentName
from Employees
right join Department  --vıib kasutada ka RIGHT OUTER JOIN-i
on Employees.DepartmentId = Department.Id
--right join n‰itab paremas (Department) tabelis olevaid v‰‰rtuseid,
--mis ei ¸hti vasaku (Employees) tabeliga

--outer join
select Name, Gender, Salary, DepartmentName
from Employees
full outer join Department
on Employees.DepartmentId = Department.Id
--mılema tabeli read kuvab

--teha cross join
select Name, Gender, Salary, DepartmentName
from Employees
cross join Department
--korrutab kıik omavahel l‰bi

--teha left join, kus Employees tabelist DepartmentId on null
select Name, Gender, Salary, DepartmentName
from Employees
left join Department
on Employees.DepartmentId = Department.Id
where Employees.DepartmentId is null

--teine variant ja sama tulemus
select Name, Gender, Salary, DepartmentName
from Employees
left join Department
on Employees.DepartmentId = Department.Id
where Department.Id is null
-- n‰itab ainult neid, kellel on vasakus tabelis (Employees)
-- DepartmentId null

select Name, Gender, Salary, DepartmentName
from Employees
right join Department
on Employees.DepartmentId = Department.Id
where Employees.DepartmentId is null
--n‰itab ainult paremas tabelis olevat rida, 
--mis ei kattu Employees-ga.

--full join
--mılema tabeli mitte-kattuvate v‰‰rtustega read kuvab v‰lja
select Name, Gender, Salary, DepartmentName
from Employees
full join Department
on Employees.DepartmentId = Department.Id
where Employees.DepartmentId is null
or Department.Id is null

--teete AdventureWorksLT2019 andmebaasile join p'ringuid:
--inner join, left join, right join, cross join ja full join
--tabeleid sellesse andmebaasi juurde ei tohi teha

--Mınikord peab muutuja ette kirjutama tabeli nimetuse nagu on Product.Name,
--et editor saaks aru, et kummma tabeli muutujat soovitakse kasutada ja ei tekiks
--segadust
select Product.Name as [Product Name], ProductNumber, ListPrice, 
ProductModel.Name as [Product Model Name], 
Product.ProductModelId, ProductModel.ProductModelId
--mınikord peab ka tabeli ette kirjutama t‰psustama info
--nagu on SalesLt.Product
from SalesLt.Product
inner join SalesLt.ProductModel
--antud juhul Producti tabelis ProductModelId vıırvıti,
--mis ProductModeli tabelis on primaarvıti
on Product.ProductModelId = ProductModel.ProductModelId

--rida 412
--6 tund

--isnull funktsiooni kasutamine
select ISNULL ('Ingvar', 'No Manager') as Manager

--NULL asemel kuvab No Manager
select coalesce(NULL, 'No Manager') as Manager

alter table Employees
add ManagerId int

--neile, kell ei ole ¸lemust, siis paneb neile No Manager teksti
--kasutage left joini
select E.Name as Employee, isnull(M.Name, 'No Manager') as Manager
from Employees E
left join Employees M
on E.ManagerId = M.Id

--kasutamine inner joini 
--kuvab ainult ManagerId all olevate isikute v‰‰rtuseid

select E.Name as Employee, M.Name as Manager
from Employees E
inner join Employees M
on E.ManagerId = M.Id

--kıik saavad kıikide ¸lemused olla 
select E.Name as Employee, M.Name as Manager
from Employees E
cross join Employees M

--lisame Employees tabelisse uued veerud

alter table Employees
add MiddleName nvarchar(30)

alter table Employees
add LastName nvarchar(30)

--muudame olemasoleva veeru nimetust
sp_rename 'Employees.Name', 'FirstName'

update Employees
set FirstName = 'Tom', MiddleName = 'Nick', LastName = 'Jones'
where Id = 1

update Employees
set FirstName = 'Pam', MiddleName = NULL, LastName = 'Anderson'
where Id = 2

UPDATE Employees
set FirstName = 'John', MiddleName = NULL, LastName = NULL
where Id = 3;

update Employees
set FirstName = 'Sam', MiddleName = NULL, LastName = 'Smith'
where Id = 4

update Employees
set FirstName = NULL, MiddleName = 'Todd', LastName = 'Someone'
where Id = 5

update Employees
set FirstName = 'Ben', MiddleName = 'Ten', LastName = 'Sven'
where Id = 6

update Employees
set FirstName = 'Sara', MiddleName = NULL, LastName = 'Connor'
where Id = 7

update Employees
set FirstName = 'Valarie', MiddleName = 'Balerine', LastName = NULL
where Id = 8

update Employees
set FirstName = 'James', MiddleName = '007', LastName = 'Bond'
where Id = 9

update Employees
set FirstName = NULL, MiddleName = NULL, LastName = 'Crowe'
where Id = 10

--igast reast vıtab esimesena t‰idetud lahtri ja kuvab ainult seda
--coalesco
select * from Employees
select Id, coalesce(FirstName, MiddleName, LastName) as Name
from Employees

--loome kaks tabelit
create table IndianCustomers
(
Id int identity(1,1),
Name nvarchar(25),
Email nvarchar(25)
)

create table UKCustomers
(
Id int identity(1,1),
Name nvarchar(25),
Email nvarchar(25)
)

--sisestame tabelisse andmeid
insert into IndianCustomers (Name, Email)
values ('Raj', 'R@R.com'),
('Sam', 'S@S.com')

insert into UKCustomers (Name, Email)
values ('Ben', 'B@B.com'),
('Sam', 'S@S.com')

select * from IndianCustomers
select * from UKCustomers

--kasutame union all, mis n‰itab kıiki ridu
--union all ¸hendab tabelid ja n‰itab sisu
select Id, Name, Email from IndianCustomers
union all
select Id, Name, Email from UKCustomers

--korduvate v‰‰rtusega read pannakse ¸hte ja ei korrata
select Id, Name, Email from IndianCustomers
union
select Id, Name, Email from UKCustomers

--kasutad union all, aga sorteerid nime j‰rgi
select Id, Name, Email from IndianCustomers
union all
select Id, Name, Email from UKCustomers
order by Name

--stored procedure
--taaliselt pannakse nimetuse ette sp, mis t‰hendab stored procedure
create procedure spGetEmployees
as begin
select FirstName, Gender from Employees
end

--n¸¸d saab kasutada nimelist sp-d
spGetEmployees
exec spGetEmployees
execute spGetEmployees

create proc spGetEmployeesByGenderAndDepartment
--@ t‰hendab muutujat
@Gender nvarchar(20),
@DepartmentId int
as begin
	select FirstName, Gender, DepartmentId from Employees where Gender = @Gender
	and DepartmentId = @DepartmentId
end

--kui n¸¸d allolevat k‰sklust k‰ima panna, siis nıuab gender parameetrit
spGetEmployeesByGenderAndDepartment

--ıige variant
spGetEmployeesByGenderAndDepartment 'Female', 1

--niimoodi saab sp kirja pandud j'rjekorrast mˆˆda minna, kui ise paned muutuja paika
spGetEmployeesByGenderAndDepartment @DepartmentId = 1, @Gender = 'Male'

--saab vaadata sp sisu result vaates
sp_helptext spGetEmployeesByGenderAndDepartment

--kuidas muuta sp-d ja panna sinna v]ti peale, et keegi teine peale teie ei saaks muuta
--kuskile tuleb lisada with encryption
alter proc spGetEmployeesByGenderAndDepartment
@Gender nvarchar(20),
@DepartmentId int
with encryption
as begin
 select FirstName, Gender, DepartmentId from Employees where Gender = @Gender
 and DepartmentId = @DepartmentId
end

--sp tegemine
create proc spGetEmployeeCountByGender
@Gender nvarchar(20),
@EmployeeCount int output
as begin
    select @EmployeeCount = count(Id) from Employees where Gender = @Gender
end

--annab tulemuse, kus loendab ‰ra nıuetele vastavad read
--prindib ka tulemuse kirja teel
--tuleb teha declare muutuja @TotlaCount, mis on int
--execute spGetEmployeeCountByGender sp, kus on parameetrid Male ja TotalCount
--if ja else, kui TotalCount = 0, siis tuleb tekst TotalCount is null
--lıpus kasuta print @TotalCounti puhul

declare @TotalCount int


execute spGetEmployeeCountByGender 
@Gender = 'Male',
@EmployeeCount = @TotalCount output

if(@TotalCount = 0)
    print 'TotalCount is null'
else
    print @TotalCount

--- 7 tund
-- n‰itab ‰ra, mitu rida vastab nıuetele

-- deklareemine muutuja @TotalCount, mis on int andmet¸¸p
declare @TotalCount int
-- k‰ivitame stored procedure spGetEmployeeCountByGender, kus on parameetrid
-- @EmployeeCount = @TotalCount out ja @Gender 
execute spGetEmployeeCountByGender @EmployeeCount = @TotalCount out, @Gender = 'Female'
--prindib konsooli v‰lja, kui TotalCount on null vıi mitte null
print @TotalCount

--sp sisu vaatamine
sp_help spGetEmployeeCountByGender
--tabeli info vaatamine
sp_help Employees
--kui soovid sp teksti n‰ha 
sp_helptext spGetEmployeeCountByGender

--vaatame, millest sıltub meie valitud sp
sp_depends spGetEmployeeCountByGender
-- n‰itab, et sp sıltub Employees tabelist, kuna seal on count(Id)
-- ja Id on Employees tabelis

--vaatame tabelit
sp_depends Employees

--teeme sp, mis annab andmeid Id ja Name veergude kohta Employees tabelis
create proc spGetNameById
@Id int,
@Name nvarchar(20) output
as begin
	select @Id = Id, @Name = FirstName from Employees
end

--annab kogu tabeli ridade arvu
create proc spTotalCount2
@TotalCount int output
as begin 
	select @TotalCount = COUNT(Id) from Employees
end
--on vaja teha uus p‰ring, kus kasutame spTotalCount2 sp-d, 
--et saada tabeli ridade arv
--tuleb deklareerida muutuja @TotalCount, mis on int andmet¸¸p

--tuleb execute spTotalCount2, kus on parameeter @TotalCount = @TotalCount out

declare @TotalEmployees int
execute spTotalCount2 @TotalEmployees output
select @TotalEmployees

--mis Id all on keegi nime j‰rgi
create proc spGetNameById1
@Id int,
@FirstName nvarchar(20) output
as begin
    select @FirstName = FirstName from Employees where Id = @Id
end

--annab tulemuse, kus id 1(seda numbrit saab muuta) real on keegi koos nimega
--print tuleb kasutada, et n‰idata tulemust

declare @Name nvarchar(20)
execute spGetNameById1 @Id = 1, @FirstName = @Name output
print @Name
-------------------------------------------------
declare @FirstName nvarchar(20)
execute spGetNameById1 3, @FirstName output
print 'Name of the employee = ' + @FirstName

--- tehke sama, mis eelmine, aga kasutage spGetNameById sp-d
--FirstName lıpus on out

declare @Name nvarchar(20)
execute spGetNameById @Id = 1, @Name = @Name out
print 'Name of the employee = ' + @Name
-------------------------------------------------
declare @FirstName nvarchar(20)
execute spGetNameById 1, @FirstName out
print 'Name = ' + @FirstName

--output tagastab muudetud read kohe p'ringu tulemsuena
--see on salvestatud protseduuris ja ¸he v‰‰rtuse tagastamine
--out ei anna mitte midagi, kui seda ei m‰‰ra execute k‰sus

--rida 668
--tund 8

sp_help spGetNameById

create proc spGetNameById2
@Id int
as begin
	return (select FirstName from Employees where Id = @Id)
end

--tuleb veateade kuna kutsusime v'lja int-i, aga Tom on nvarchar
declare @EmployeeName nvarchar(50)
execute @EmployeeName = spGetNameById2 1
print 'Name of the employee = ' + @EmployeeName

--sisseehitatud string funktsioonid
--see konverteerib ASCII t‰he v‰‰rtuse numbriks
select ASCII('A')

select CHAR(65)

--prindimine kogu t‰hestiku v‰lja 
declare @Start int
set @Start = 97
--kasutate while, et n‰idata kogu t‰hestik ette 
while(@Start <= 122)
begin
    print CHAR(@Start)
    set @Start = @Start + 1
end

--eemalda t¸hjad kohad sulgudes
select ('					Hello')
select LTRIM('					Hello')

--t¸hikute eemaldamine veerust, mis on tabelis
select FirstName, MiddleName, LastName from Employees
--eemaldage t¸hikud FirstName veerust ‰ra
select LTRIM(FirstName) as Name, MiddleName, LastName from Employees
--paremalt poolt t¸hjad stringid lıikab ‰ra
select rtrim('		Hello		 ')

--keerab kooloni sees olevad andmed vastupidiseks
--vastavalt lower-ga ja upper-ga saan muuta m‰rkide suurust
--reverse funktsioon pˆˆrab kıik ¸mber
select Reverse(upper(ltrim(FirstName))) as FirstName, MiddleName, lower(LastName),
rtrim(ltrim(FirstName)) + ' ' + MiddleName + ' ' + LastName as FullName
from Employees

--left, right, substring
--vasakult poolt neli esimest t‰hte
select LEFT('ABCDEF',4)
--paremalt poolt kolm t‰hte
select RIGHT('ABCDEF',3)

--kuvab @-t‰hem‰rgi asetust e mitmes om @-m‰rk
select CHARINDEX('@', 'sara@aaa.com')

--simenenr peale komakohta n‰itab, et mitmendast alustab ja
--siis mitu nr peale seda kuvada
select SUBSTRING('pam@bbb.com', 5, 4)
--m‰rgist kuvab kolm t‰hem‰rki. Viimase nr saab m‰‰rata pikkust
select SUBSTRING('pam@bbb.com', charindex('@', 'pam@bbb.com') + 1, 3)

--peale @-m‰rki hakkab kuvama tulemust, nr saab kaugust seadistada
select SUBSTRING('pam@bbb.com', charindex('@', 'pam@bbb.com') + 5,
len ('pam@bbb.com') - charindex('@', 'pam@bbb.com'))

alter table Employees 
add Email nvarchar(20)

select * from Employees

update Employees set Email = 'Tom@aaa.com' where Id = 1
update Employees set Email = 'Pam@bbb.com' where Id = 2
update Employees set Email = 'John@aaa.com' where Id = 3
update Employees set Email = 'Sam@bbb.com' where Id = 4
update Employees set Email = 'Todd@bbb.com' where Id = 5
update Employees set Email = 'Ben@ccc.com' where Id = 6
update Employees set Email = 'Sara@ccc.com' where Id = 7
update Employees set Email = 'Valarie@aaa.com' where Id = 8
update Employees set Email = 'James@bbb.com' where Id = 9
update Employees set Email = 'Russel@bbb.com' where Id = 10

--soovime teada saada domeeninimesid emailides
select SUBSTRING (Email, charindex('@', Email) + 1,
len (Email) - charindex('@', Email)) as EmailDomain
from Employees

--alates tisest t‰hest emailis kuni @ m‰rgini on t‰rnid
select FirstName, LastName,
    substring(Email, 1, 2) + replicate('*', 5) +
    substring(Email, charindex('@', Email), len(Email) - charindex('@', Email) + 1) 
as HiddenEmail
from Employees

--kolm korda n‰itab stringis olevat v‰‰rtust
select replicate('asd', 10)

--t¸hiku sisestamine
select space(5)
--t¸hiku sisestamine FirstName ja LastName vahele

select FirstName + space(25) + LastName as FullName
from Employees

---PATINDEX
-- sama, mis charindex, aga d¸naamilisem ja saab kasutada wildcardi
select Email, PATINDEX('%@aaa.com', Email) as FirstOccurence
from Employees
where PATINDEX('%@aaa.com', Email) > 0
--leian kıik selle domeeni esindajad ja alates mitmendast m‰rgist algab @

--kıik .com emailid asendab .net-ga
select Email,
replace(Email, '.com', '.net') as ConvertedEmail
from Employees

--soovin asendada peale esimest m'rki kolm t‰hte viie t‰rniga

select FirstName, LastName, Email,
substring(Email, 1, 1) +
replicate('*', 5) +
substring(Email, 5, len(Email) - 4) as HiddenEmail
from Employees
--------------------------------------------------------------------
select FirstName, LastName, Email,
    stuff(Email, 2, 3, '*****') as StuffedEmail
from Employees
--------------------------------------------------------------------

create table DateTime
(
    c_time time,
    c_date date,
    c_smalldatetime smalldatetime,
    c_datetime datetime,
    c_datetime2 datetime2,
    c_datetimeoffset datetimeoffset
)

select * from DateTime

--konkreetse masina kellaaeg
select getdate(), 'GETDATE()'

insert into DateTime
values (getdate(), getdate(), getdate(), getdate(), getdate(), getdate())

select * from DateTime

update DateTime set c_datetimeoffset = '2026-04-08 14:49:28.1933333 +10:00'
where c_datetimeoffset = '2026-03-19 14:25:09.8900000 +00:00'

select CURRENT_TIMESTAMP, 'CURRENT_TIMESTAMP' --aja p‰ring
select SYSDATETIME(), 'SYSDATETIME' --veel t‰psem aja p‰ring
select SYSDATETIMEOFFSET(), 'SYSDATETIMEOFFSET' --t'pne aeg koos ajalise nihkega
select GETUTCDATE(), 'GETUTCDATE' ---UTC aeg

--saab kontrollida, kas on ıige andmet¸¸p
select isdate('asd') -- tagastab 0 kuna string ei ole date
select ISDATE(GETDATE()) -- kuidas saada vastuseks 1 isdate puhul?
select isdate('2026-04-08 14:49:28.193333') -- tagastab 0 kuna max kolm komakohta vıib olla
select isdate('2026-04-08 14:49:28.193') -- tagastab 1
select Month(GETDATE()) -- annab jooksva kuu nr
select Month('01/24/2026') --annab stringis oleva kp ja j‰rjestus peab olema ıige

select datename(day, '2026-04-08 14:49:28.193') -- annab stringis oleva p‰eva nr
select datename(weekday, '2026-04-08 14:49:28.193') -- annab stringis oleva p‰eva sınana
select datename(month, '2026-04-08 14:49:28.193') -- annab stringis oleva kuu sınana

create table EmployeesWithDates
(
    Id nvarchar(2),
    Name nvarchar(20),
    DateOfBirth datetime
)

INSERT INTO EmployeesWithDates (Id, Name, DateOfBirth)
VALUES (1, 'Sam', '1980-12-30 00:00:00.000');
INSERT INTO EmployeesWithDates (Id, Name, DateOfBirth)
VALUES (2, 'Pam', '1982-09-01 12:02:36.260');
INSERT INTO EmployeesWithDates (Id, Name, DateOfBirth)
VALUES (3, 'John', '1985-08-22 12:03:30.370');
INSERT INTO EmployeesWithDates (Id, Name, DateOfBirth)
VALUES (4, 'Sara', '1979-11-29 12:59:30.670');


select * from EmployeesWithDates
truncate table EmployeesWithDates
--tund 9

--kuidas vıtta ¸hest veerust andmeid ja selle abil luua uued veerud

-- vaatab DoB veerust p‰eva ja kuvab p‰eva nimetuse sınana
select Name, DateOfBirth, DATENAME(weekday, DateOfBirth) as [Day], 
	--vaatab VoB veerust kuup‰evasid ja kuvab kuu nr
	MONTH(DateOfBirth) as MonthNumber,
	--vaatab DoB veerust kuud ja kuvab sınana
	DATENAME(Month, DateOfBirth) as [MonthName],
	--vıtab DoB veerust aasta 
	YEAR(DateOfBirth) as [Year]
from EmployeesWithDates

--kuvab 3 kuna USA n‰dal algab p¸hap‰evaga
select Datepart(weekday, '2026-03-24 12:59:30.670')
--tehke sama, aga kasutage kuu-d
select Datepart(day, 20, '2026-03-24 12:59:30.670')
--lahutab 20 p‰eva maha
select Dateadd(day, -20, '2026-03-24 12:59:30.670')

select datediff(month,'2026-03-24 12:59:30.670')
--kuvab kahe string oleva kuudevahelist aega nr-na
select datediff(month, '11/20/2026', '01/20/2024')
--tehke sama, aga kasutage aastat
select datediff(year, '11/20/2026', '01/20/2028')

-- alguses uurite, mis on funktsioon MS SQL
-- eelkirjutatud toimingud, salvestatud tegevus
-- miks seda on vaja
-- pakkuda DB-s korduvkasutatud funktsionaalsust
-- mis on selle eelised ja puudused
-- saad kiiresti kasutada toiminguid ja ei pea uuesti koodi kirjutama
-- funktsioon ei tohi muuta DB olekut

create function fnComputeAge(@dob datetime)
returns nvarchar(50)
as
begin
    declare @tempdate datetime, @years int, @months int, @days int
    select @tempdate = @dob

    select @years = datediff(year, @tempdate, getdate()) - case  when (month(@dob) > 
	month(getdate())) or (month(@dob) = month(getdate()) and day(@dob) > day(getdate())) 
    then 1 else 0 end
    select @tempdate = dateadd(year, @years, @tempdate)

    select @months = datediff(month, @tempdate, getdate()) - case  when day(@dob) > day(getdate()) 
    then 1 else 0 end
    select @tempdate = dateadd(month, @months, @tempdate)

    select @days = datediff(day, @tempdate, getdate())

    declare @age nvarchar(50)
    set @age = cast(@years as nvarchar(4)) + ' Years '  + cast(@months as nvarchar(2)) + 
	' Months ' + cast(@days as nvarchar(2)) + ' Days old '

    return @age
end

select Id, Name, DateOfBirth, dbo.fnComputeAge(DateOfBirth) as Age from EmployeesWithDates

--tund 10

--kui kasutame seda funktsiooni, siis saame teada t‰nase p‰eva vahet stringis v‰lja tooduga
select dbo.fnComputeAge('02/24/2010') as Age
--nn peale DOB muutujat n‰itab, et mismoodi kuuvada DOB-d
select Id, Name, DateOfBirth,
convert(nvarchar, DateOfBirth, 110) as ConvertedDOB
from EmployeesWithDates

select Id, Name, Name + ' - ' + cast(Id as nvarchar) as [Name-Id] from EmployeesWithDates

select CAST(GETDATE() as date) --t‰nane kp
--t‰nane kp, aga kasutate convert-i, et kuvada stringina
select convert(date, getdate())

--matemaatilised funktsioonid
select ABS(-5) --abs on absoluutv‰‰rtusega number ja tulemuseks saame ilma miinus m‰rgita 5
select CEILING(4.2) --ceiling on funktsioon, mis ¸mardab ¸lespoole ja tulemuseks saame 5
select CEILING(-4.2) --ceiling ¸mmardab ka miinus numbrid ¸lespoole, mis t‰hendab, et saame -4
select floor(15.2) --floor on funktsioon, mis ¸mmardab alla ja tulemuseks saame 15
select floor(-15.2) --floor ¸mmardab ka miinus numbrid alla, mis t‰hendab, et saame -16
select POWER(2, 4) --kaks astmes neli
select SQUARE(9) --antud juhul 9 ruudus
select SQRT(16) --antud juhul 16 ruutjuur

select rand() --rand on funktsioon, mis genereerib
--juhusliku numbri vahemikus 0 kuni 1
--kuidas saada t‰isnumber iga kord

select floor(rand() * 100) --korrutab sajaga iga suvalise numbri

--iga kord n‰itab 10 suvalist numbrit
declare @counter int
set @counter = 1
while (@counter <=10)
begin
    print floor(rand() * 100)
    set @counter = @counter + 1 
end

select ROUND(850.556, 2)
--round on funktsioon, mis ¸mmardab antud numbri soovitud komakohtade arvuni
--ja tulemuseks saame 850.56
select ROUND(850.556, 2, 1) 
--round on funktsioon, mis ¸mmardab kaks komakohta ja
--kui kolmas parameeter on 1, siis ¸mmardab alla
select ROUND(850.556, 1)
--round on funktsioon, mis ¸mardab ¸he komakoha ja
--tulemuseks saame 850.6
select ROUND(850.556, 1, 1) --¸mardab alla ¸he komakoha pealt ja tulemuseks saame 850.5
select ROUND(850.556, -2) --¸mardab t‰isnr ¸lessepoole ja tulemus on 900
select ROUND(850.556, -1) --¸mardab t‰isnr alla ja tulemus on 850

---
create function dbo.CalculateAge(@DOB date)
returns int
as begin
declare @Age int

    set @Age = DATEDIFF(year, @DOB, GETDATE()) -
    case
        when (MONTH(@DOB) > MONTH(GETDATE())) or
             (MONTH(@DOB) = MONTH(GETDATE()) and DAY(@DOB) > DAY(GETDATE()))
        then 1 else 0 end
    return @Age
end

--kui valmis, siis proovige seda funktsiooni
--ja vaadake, kas annab ıige vanuse
 
 exec dbo.CalculateAge '1980-12-30'

--arvutab v‰lja, kui vana on isik ja vıtab arvesse kuud ning p‰evad
--antud juhul n‰itab kıike, kes on ¸le 36 a vanad
select Id, Name, dbo.CalculateAge(DateOfBirth) as Age from EmployeesWithDates
where dbo.CalculateAge(DateOfBirth) > 36

